<?xml version="1.0" encoding="UTF-8" standalone="yes"?>
<projectConfiguration>
    <configVersion>1.0</configVersion>
    <relativeTo>WORKSPACE</relativeTo>
    <referencedLibrary type="PYTHON" name="Selenium2Library" path="C:/jython2.7.0/Lib/site-packages/Selenium2Library"/>
    <pythonpath/>
    <classpath/>
    <excludedForValidation/>
    <isValidatedFileSizeCheckingEnabled>true</isValidatedFileSizeCheckingEnabled>
    <validatedFileMaxSize>1024</validatedFileMaxSize>
    <isReferencedLibrariesAutoReloadEnabled>true</isReferencedLibrariesAutoReloadEnabled>
    <isReferencedLibrariesAutoDiscoveringEnabled>true</isReferencedLibrariesAutoDiscoveringEnabled>
    <isLibrariesAutoDiscoveringSummaryWindowEnabled>false</isLibrariesAutoDiscoveringSummaryWindowEnabled>
</projectConfiguration>
